valuation_date,portfolio_id,instrument_id,market_value_eur,weight,concentration_limit,control_status
2026-09-28,P001,EQ_EUR_01,10000.000000,0.3766478342749529,0.450000,PASS
2026-09-28,P001,EQ_USD_01,6750.000000,0.2542372881355932,0.450000,PASS
2026-09-28,P001,BD_EUR_01,9800.000000,0.3691148775894539,0.450000,PASS
2026-09-28,P002,EQ_EUR_01,20000.000000,0.5256932579839664,0.450000,BREACH
2026-09-28,P002,EQ_USD_01,13500.000000,0.3548429491391773,0.450000,PASS
2026-09-28,P002,BD_USD_01,4545.000000,0.11946379287685635,0.450000,PASS
2026-09-28,P003,BD_EUR_01,29400.000000,0.5929810407422348,0.450000,BREACH
2026-09-28,P003,BD_USD_01,18180.000000,0.3666801129487697,0.450000,PASS
2026-09-28,P003,EQ_EUR_01,2000.000000,0.04033884630899556,0.450000,PASS
2026-09-29,P001,EQ_EUR_01,10200.000000,0.38082437275985664,0.450000,PASS
2026-09-29,P001,EQ_USD_01,6734.000000,0.25141875746714454,0.450000,PASS
2026-09-29,P001,BD_EUR_01,9850.000000,0.3677568697729988,0.450000,PASS
2026-09-29,P002,EQ_EUR_01,20400.000000,0.530686836234985,0.450000,BREACH
2026-09-29,P002,EQ_USD_01,13468.000000,0.35035736815748914,0.450000,PASS
2026-09-29,P002,BD_USD_01,4572.750000,0.11895579560752587,0.450000,PASS
2026-09-29,P003,BD_EUR_01,29550.000000,0.5924099356468395,0.450000,BREACH
2026-09-29,P003,BD_USD_01,18291.000000,0.3666927286942924,0.450000,PASS
2026-09-29,P003,EQ_EUR_01,2040.000000,0.040897335658868106,0.450000,PASS
