position_id,valuation_date,portfolio_id,instrument_id,quantity
POS001,2026-09-28,P001,EQ_EUR_01,100
POS002,2026-09-28,P001,EQ_USD_01,50
POS003,2026-09-28,P001,BD_EUR_01,100
POS004,2026-09-28,P002,EQ_EUR_01,200
POS005,2026-09-28,P002,EQ_USD_01,100
POS006,2026-09-28,P002,BD_USD_01,50
POS007,2026-09-28,P003,BD_EUR_01,300
POS008,2026-09-28,P003,BD_USD_01,200
POS009,2026-09-28,P003,EQ_EUR_01,20
POS010,2026-09-29,P001,EQ_EUR_01,100
POS011,2026-09-29,P001,EQ_USD_01,50
POS012,2026-09-29,P001,BD_EUR_01,100
POS013,2026-09-29,P002,EQ_EUR_01,200
POS014,2026-09-29,P002,EQ_USD_01,100
POS015,2026-09-29,P002,BD_USD_01,50
POS016,2026-09-29,P003,BD_EUR_01,300
POS017,2026-09-29,P003,BD_USD_01,200
POS018,2026-09-29,P003,EQ_EUR_01,20
